RowNumber,CustomerId,Surname,CreditScore,Geography,Gender,Age,Tenure,Balance,NumOfProducts,HasCrCard,IsActiveMember,EstimatedSalary,Exited
1,15634602,Hargrave,619,France,Female,42,2,0,1,1,1,101348.88,1
2,15647311,Hill,608,Spain,Female,41,1,83807.86,1,0,1,112542.58,0
3,15619304,Onio,502,France,Female,42,8,159660.8,3,1,0,113931.57,1
4,15701354,Boni,699,France,Female,39,1,0,2,0,0,93826.63,0
5,15737888,Mitchell,850,Spain,Female,43,2,125510.82,1,1,1,79084.1,0
6,15574012,Chu,645,Spain,Male,44,8,113755.78,2,1,0,149756.71,1
7,15592531,Bartlett,822,France,Male,50,7,0,2,1,1,10062.8,0
8,15656148,Obinna,376,Germany,Female,29,4,115046.74,4,1,0,119346.88,1
9,15792365,He,501,France,Male,44,4,142051.07,2,0,1,74940.5,0
10,15592389,H?,684,France,Male,27,2,134603.88,1,1,1,71725.73,0
11,15767821,Bearce,528,France,Male,31,6,102016.72,2,0,0,80181.12,0
12,15737173,Andrews,497,Spain,Male,24,3,0,2,1,0,76390.01,0
13,15632264,Kay,476,France,Female,34,10,0,2,1,0,26260.98,0
14,15691483,Chin,549,France,Female,25,5,0,2,0,0,190857.79,0
15,15600882,Scott,635,Spain,Female,35,7,0,2,1,1,65951.65,0
16,15643966,Goforth,616,Germany,Male,45,3,143129.41,2,0,1,64327.26,0
17,15737452,Romeo,653,Germany,Male,58,1,132602.88,1,1,0,5097.67,1
18,15788218,Henderson,549,Spain,Female,24,9,0,2,1,1,14406.41,0
19,15661507,Muldrow,587,Spain,Male,45,6,0,1,0,0,158684.81,0
20,15568982,Hao,726,France,Female,24,6,0,2,1,1,54724.03,0
21,15577657,McDonald,732,France,Male,41,8,0,2,1,1,170886.17,0
22,15597945,Dellucci,636,Spain,Female,32,8,0,2,1,0,138555.46,0
23,15699309,Gerasimov,510,Spain,Female,38,4,0,1,1,0,118913.53,1
24,15725737,Mosman,669,France,Male,46,3,0,2,0,1,8487.75,0
25,15625047,Yen,846,France,Female,38,5,0,1,1,1,187616.16,0
26,15738191,Maclean,577,France,Male,25,3,0,2,0,1,124508.29,0
27,15736816,Young,756,Germany,Male,36,2,136815.64,1,1,1,170041.95,0
28,15700772,Nebechi,571,France,Male,44,9,0,2,0,0,38433.35,0
29,15728693,McWilliams,574,Germany,Female,43,3,141349.43,1,1,1,100187.43,0
30,15656300,Lucciano,411,France,Male,29,0,59697.17,2,1,1,53483.21,0
31,15589475,Azikiwe,591,Spain,Female,39,3,0,3,1,0,140469.38,1
32,15706552,Odinakachukwu,533,France,Male,36,7,85311.7,1,0,1,156731.91,0
33,15750181,Sanderson,553,Germany,Male,41,9,110112.54,2,0,0,81898.81,0
34,15659428,Maggard,520,Spain,Female,42,6,0,2,1,1,34410.55,0
35,15732963,Clements,722,Spain,Female,29,9,0,2,1,1,142033.07,0
36,15794171,Lombardo,475,France,Female,45,0,134264.04,1,1,0,27822.99,1
37,15788448,Watson,490,Spain,Male,31,3,145260.23,1,0,1,114066.77,0
38,15729599,Lorenzo,804,Spain,Male,33,7,76548.6,1,0,1,98453.45,0
39,15717426,Armstrong,850,France,Male,36,7,0,1,1,1,40812.9,0
40,15585768,Cameron,582,Germany,Male,41,6,70349.48,2,0,1,178074.04,0
41,15619360,Hsiao,472,Spain,Male,40,4,0,1,1,0,70154.22,0
42,15738148,Clarke,465,France,Female,51,8,122522.32,1,0,0,181297.65,1
43,15687946,Osborne,556,France,Female,61,2,117419.35,1,1,1,94153.83,0
44,15755196,Lavine,834,France,Female,49,2,131394.56,1,0,0,194365.76,1
45,15684171,Bianchi,660,Spain,Female,61,5,155931.11,1,1,1,158338.39,0
46,15754849,Tyler,776,Germany,Female,32,4,109421.13,2,1,1,126517.46,0
47,15602280,Martin,829,Germany,Female,27,9,112045.67,1,1,1,119708.21,1
48,15771573,Okagbue,637,Germany,Female,39,9,137843.8,1,1,1,117622.8,1
49,15766205,Yin,550,Germany,Male,38,2,103391.38,1,0,1,90878.13,0
50,15771873,Buccho,776,Germany,Female,37,2,103769.22,2,1,0,194099.12,0
51,15616550,Chidiebele,698,Germany,Male,44,10,116363.37,2,1,0,198059.16,0
52,15768193,Trevisani,585,Germany,Male,36,5,146050.97,2,0,0,86424.57,0
53,15683553,O'Brien,788,France,Female,33,5,0,2,0,0,116978.19,0
54,15702298,Parkhill,655,Germany,Male,41,8,125561.97,1,0,0,164040.94,1
55,15569590,Yoo,601,Germany,Male,42,1,98495.72,1,1,0,40014.76,1
56,15760861,Phillipps,619,France,Male,43,1,125211.92,1,1,1,113410.49,0
57,15630053,Tsao,656,France,Male,45,5,127864.4,1,1,0,87107.57,0
58,15647091,Endrizzi,725,Germany,Male,19,0,75888.2,1,0,0,45613.75,0
59,15623944,T'ien,511,Spain,Female,66,4,0,1,1,0,1643.11,1
60,15804771,Velazquez,614,France,Male,51,4,40685.92,1,1,1,46775.28,0
61,15651280,Hunter,742,Germany,Male,35,5,136857,1,0,0,84509.57,0
62,15773469,Clark,687,Germany,Female,27,9,152328.88,2,0,0,126494.82,0
63,15702014,Jeffrey,555,Spain,Male,33,1,56084.69,2,0,0,178798.13,0
64,15751208,Pirozzi,684,Spain,Male,56,8,78707.16,1,1,1,99398.36,0
65,15592461,Jackson,603,Germany,Male,26,4,109166.37,1,1,1,92840.67,0
66,15789484,Hammond,751,Germany,Female,36,6,169831.46,2,1,1,27758.36,0
67,15696061,Brownless,581,Germany,Female,34,1,101633.04,1,1,0,110431.51,0
68,15641582,Chibugo,735,Germany,Male,43,10,123180.01,2,1,1,196673.28,0
69,15638424,Glauert,661,Germany,Female,35,5,150725.53,2,0,1,113656.85,0
70,15755648,Pisano,675,France,Female,21,8,98373.26,1,1,0,18203,0
71,15703793,Konovalova,738,Germany,Male,58,2,133745.44,4,1,0,28373.86,1
72,15620344,McKee,813,France,Male,29,6,0,1,1,0,33953.87,0
73,15812518,Palermo,657,Spain,Female,37,0,163607.18,1,0,1,44203.55,0
74,15779052,Ballard,604,Germany,Female,25,5,157780.84,2,1,1,58426.81,0
75,15770811,Wallace,519,France,Male,36,9,0,2,0,1,145562.4,0
76,15780961,Cavenagh,735,France,Female,21,1,178718.19,2,1,0,22388,0
77,15614049,Hu,664,France,Male,55,8,0,2,1,1,139161.64,0
78,15662085,Read,678,France,Female,32,9,0,1,1,1,148210.64,0
79,15575185,Bushell,757,Spain,Male,33,5,77253.22,1,0,1,194239.63,0
80,15803136,Postle,416,Germany,Female,41,10,122189.66,2,1,0,98301.61,0
81,15706021,Buley,665,France,Female,34,1,96645.54,2,0,0,171413.66,0
82,15663706,Leonard,777,France,Female,32,2,0,1,1,0,136458.19,1
83,15641732,Mills,543,France,Female,36,3,0,2,0,0,26019.59,0
84,15701164,Onyeorulu,506,France,Female,34,4,90307.62,1,1,1,159235.29,0
85,15738751,Beit,493,France,Female,46,4,0,2,1,0,1907.66,0
86,15805254,Ndukaku,652,Spain,Female,75,10,0,2,1,1,114675.75,0
87,15762418,Gant,750,Spain,Male,22,3,121681.82,1,1,0,128643.35,1
88,15625759,Rowley,729,France,Male,30,9,0,2,1,0,151869.35,0
89,15622897,Sharpe,646,France,Female,46,4,0,3,1,0,93251.42,1
90,15767954,Osborne,635,Germany,Female,28,3,81623.67,2,1,1,156791.36,0
91,15757535,Heap,647,Spain,Female,44,5,0,3,1,1,174205.22,1
92,15731511,Ritchie,808,France,Male,45,7,118626.55,2,1,0,147132.46,0
93,15809248,Cole,524,France,Female,36,10,0,2,1,0,109614.57,0
94,15640635,Capon,769,France,Male,29,8,0,2,1,1,172290.61,0
95,15676966,Capon,730,Spain,Male,42,4,0,2,0,1,85982.47,0
96,15699461,Fiorentini,515,Spain,Male,35,10,176273.95,1,0,1,121277.78,0
97,15738721,Graham,773,Spain,Male,41,9,102827.44,1,0,1,64595.25,0
98,15693683,Yuille,814,Germany,Male,29,8,97086.4,2,1,1,197276.13,0
99,15604348,Allard,710,Spain,Male,22,8,0,2,0,0,99645.04,0
100,15633059,Fanucci,413,France,Male,34,9,0,2,0,0,6534.18,0
101,15808582,Fu,665,France,Female,40,6,0,1,1,1,161848.03,0
102,15743192,Hung,623,France,Female,44,6,0,2,0,0,167162.43,0
103,15580146,Hung,738,France,Male,31,9,82674.15,1,1,0,41970.72,0
104,15776605,Bradley,528,Spain,Male,36,7,0,2,1,0,60536.56,0
105,15804919,Dunbabin,670,Spain,Female,65,1,0,1,1,1,177655.68,1
106,15613854,Mauldon,622,Spain,Female,46,4,107073.27,2,1,1,30984.59,1
107,15599195,Stiger,582,Germany,Male,32,1,88938.62,1,1,1,10054.53,0
108,15812878,Parsons,785,Germany,Female,36,2,99806.85,1,0,1,36976.52,0
109,15602312,Walkom,605,Spain,Male,33,5,150092.8,1,0,0,71862.79,0
110,15744689,T'ang,479,Germany,Male,35,9,92833.89,1,1,0,99449.86,1
111,15803526,Eremenko,685,Germany,Male,30,3,90536.81,1,0,1,63082.88,0
112,15665790,Rowntree,538,Germany,Male,39,7,108055.1,2,1,0,27231.26,0
113,15715951,Thorpe,562,France,Male,42,2,100238.35,1,0,0,86797.41,0
114,15591100,Chiemela,675,Spain,Male,36,9,106190.55,1,0,1,22994.32,0
115,15609618,Fanucci,721,Germany,Male,28,9,154475.54,2,0,1,101300.94,1
116,15675522,Ko,628,Germany,Female,30,9,132351.29,2,1,1,74169.13,0
117,15705512,Welch,668,Germany,Female,37,6,167864.4,1,1,0,115638.29,0
118,15698028,Duncan,506,France,Female,41,1,0,2,1,0,31766.3,0
119,15661670,Chidozie,524,Germany,Female,31,8,107818.63,1,1,0,199725.39,1
120,15600781,Wu,699,Germany,Male,34,4,185173.81,2,1,0,120834.48,0
121,15682472,Culbreth,828,France,Male,34,8,129433.34,2,0,0,38131.77,0
122,15580203,Kennedy,674,Spain,Male,39,6,120193.42,1,0,0,100130.95,0
123,15690673,Cameron,656,France,Female,39,6,0,2,1,0,141069.88,0
124,15760085,Calabresi,684,Germany,Female,48,10,126384.42,1,1,1,198129.36,0
125,15779659,Zetticci,625,France,Female,28,3,0,1,0,0,183646.41,0
126,15627360,Fuller,432,France,Male,42,9,152603.45,1,1,0,110265.24,1
127,15671137,MacDonald,549,France,Female,52,1,0,1,0,1,8636.05,1
128,15782688,Piccio,625,Germany,Male,56,0,148507.24,1,1,0,46824.08,1
129,15575492,Kennedy,828,France,Female,41,7,0,2,1,0,171378.77,0
130,15591607,Fernie,770,France,Male,24,9,101827.07,1,1,0,167256.35,0
131,15740404,He,758,France,Female,34,3,0,2,1,1,124226.16,0
132,15718369,Kaodilinakachukwu,795,Germany,Female,33,9,130862.43,1,1,1,114935.21,0
133,15677871,Cocci,687,France,Male,38,9,122570.87,1,1,1,35608.88,0
134,15642004,Alekseeva,686,France,Male,25,1,0,2,0,1,16459.37,0
135,15712543,Chinweike,789,Germany,Male,39,7,124828.46,2,1,1,124411.08,0
136,15584518,Arthur,589,Germany,Female,50,5,144895.05,2,1,1,34941.23,0
137,15802381,Li,461,Germany,Female,34,5,63663.93,1,0,1,167784.28,0
138,15610156,Ma,637,France,Male,40,2,133463.1,1,0,1,93165.34,0
139,15594408,Chia,584,Spain,Female,48,2,213146.2,1,1,0,75161.25,1
140,15640905,Vasin,579,Spain,Female,35,1,129490.36,2,0,1,8590.83,1
141,15698932,Groves,756,Germany,Male,44,10,137452.09,1,1,0,189543.9,0
142,15724944,Tien,663,France,Male,34,7,0,2,1,1,180427.24,0
143,15628145,Forwood,682,France,Female,43,5,125851.93,1,1,1,193318.33,0
144,15713483,Greeves,793,Spain,Male,52,2,0,1,1,0,159123.82,1
145,15612350,Taylor,691,France,Female,31,5,40915.55,1,1,0,126213.84,1
146,15800703,Madukwe,485,Spain,Female,21,5,113157.22,1,1,1,54141.5,0
147,15705707,Bennelong,635,Spain,Female,29,8,138296.94,2,1,0,141075.51,0
148,15754105,Olisanugo,650,France,Male,37,5,106967.18,1,0,0,24495.03,0
149,15703264,Chukwufumnanya,735,France,Male,44,9,120681.63,1,1,0,74836.34,0
150,15794413,Harris,416,France,Male,32,0,0,2,0,1,878.87,0
151,15650237,Morgan,754,Spain,Female,32,7,0,2,1,0,89520.75,0
152,15759618,Alexeeva,535,France,Female,48,9,0,1,1,0,149892.79,1
153,15811589,Metcalfe,716,Spain,Male,42,8,0,2,1,0,180800.42,0
154,15689044,Humphries,539,France,Male,37,2,127609.59,1,1,0,98646.22,0
155,15709368,Milne,614,France,Female,43,6,0,2,1,1,109041.53,0
156,15679145,Chou,706,Spain,Male,57,7,0,1,1,0,17941.16,1
157,15655007,Li,758,France,Female,33,7,0,2,0,0,82996.47,0
158,15623595,Clayton,586,Spain,Female,28,2,0,2,1,1,92067.35,0
159,15589975,Maclean,646,France,Female,73,6,97259.25,1,0,1,104719.66,0
160,15804017,Chigolum,631,Germany,Female,33,4,123246.7,1,0,0,112687.57,0
161,15692132,Wilkinson,717,Spain,Female,22,6,101060.25,1,0,1,84699.56,0
162,15641122,Wei,684,France,Male,30,2,0,2,1,0,83473.82,0
163,15630910,Treacy,800,France,Female,49,7,108007.36,1,0,0,47125.11,0
164,15680772,Hu,721,Spain,Female,36,2,0,2,1,1,106977.8,0
165,15658929,Taverner,683,Spain,Male,29,0,133702.89,1,1,0,55582.54,1
166,15585388,Sherman,660,Germany,Male,31,9,125189.75,2,1,1,139874.43,0
167,15724623,Taubman,704,Germany,Female,24,7,113034.22,1,1,0,162503.48,1
168,15588537,Robinson,615,Spain,Female,41,9,109013.23,1,1,0,196499.96,0
169,15574692,Pinto,667,Spain,Female,39,2,0,2,1,0,40721.24,1
170,15611325,Wood,682,Germany,Male,24,9,57929.81,2,0,0,53134.3,0
171,15587562,Hawkins,484,France,Female,29,4,130114.39,1,1,0,164017.89,0
172,15613172,Sun,628,Germany,Male,27,5,95826.49,2,1,0,155996.96,0
173,15651022,Yost,480,Germany,Male,44,10,129608.57,1,1,0,5472.7,1
174,15586310,Ting,578,France,Male,30,4,169462.09,1,1,0,112187.11,0
175,15625524,Rowe,512,France,Male,40,5,0,2,1,1,146457.83,0
176,15755209,Fu,484,Spain,Female,35,7,133868.21,1,1,1,27286.1,0
177,15645248,Ho,510,France,Female,30,0,0,2,1,1,130553.47,0
178,15790355,Okechukwu,606,Germany,Male,36,5,190479.48,2,0,0,179351.89,0
179,15762615,Campbell,597,Spain,Female,40,8,101993.12,1,0,1,94774.12,0
180,15625426,Ashbolt,754,Germany,Female,55,3,161608.81,1,1,0,8080.85,1
181,15716334,Rozier,850,Spain,Female,45,2,122311.21,1,1,1,19482.5,0
182,15789669,Hsia,510,France,Male,65,2,0,2,1,1,48071.61,0
183,15621075,Ogbonnaya,778,Germany,Female,45,1,162150.42,2,1,0,174531.27,0
184,15810845,T'ang,636,France,Male,42,2,0,2,1,1,55470.78,0
185,15719377,Cocci,804,France,Female,50,4,0,1,1,1,8546.87,1
186,15654506,Chang,514,France,Male,32,8,0,2,1,0,95857.18,0
187,15771977,T'ao,730,France,Female,39,1,99010.67,1,1,0,194945.8,0
188,15708710,Ford,525,Spain,Female,37,0,0,1,0,1,131521.72,0
189,15726676,Marshall,616,Spain,Male,30,5,0,2,0,1,196108.51,0
190,15587421,Tsai,687,Germany,Female,34,7,111388.18,2,1,0,148564.76,0
191,15726931,Onwumelu,715,France,Female,41,8,56214.85,2,0,0,92982.61,1
192,15771086,Graham,512,France,Female,36,3,84327.77,2,1,0,17675.36,0
193,15756850,Golovanov,479,France,Male,40,1,0,2,0,0,114996.43,0
194,15702741,Potts,601,France,Male,32,8,93012.89,1,1,0,86957.42,0
195,15679200,Crawford,580,Spain,Male,29,9,61710.44,2,1,0,128077.8,0
196,15594815,Aleshire,807,France,Male,35,3,174790.15,1,1,1,600.36,0
197,15635905,Moran,616,Spain,Female,32,6,0,2,1,1,43001.46,0
198,15777892,Samsonova,721,Germany,Male,37,3,107720.64,1,1,1,158591.12,0
199,15656176,Jenkins,501,France,Male,57,10,0,2,1,1,47847.19,0
200,15811127,Volkov,521,France,Male,35,6,96423.84,1,1,0,10488.44,0
201,15604482,Chiemezie,850,Spain,Male,30,2,141040.01,1,1,1,5978.2,0
202,15622911,Jude,759,France,Male,42,4,105420.18,1,0,1,121409.06,0
203,15600974,He,516,Spain,Male,50,5,0,1,0,1,146145.93,1
204,15727868,Onuora,711,France,Female,38,2,129022.06,2,1,1,14374.86,1
205,15627801,Ginikanwa,512,Spain,Male,33,3,176666.62,1,1,0,94670.77,0
206,15773039,Ku,550,France,Male,37,3,0,1,1,1,179670.31,0
207,15755262,McDonald,608,Spain,Female,41,3,89763.84,1,0,0,199304.74,1
208,15679531,Collins,618,France,Male,34,5,134954.53,1,1,1,151954.39,0
209,15684181,Hackett,643,France,Male,45,5,0,1,1,0,142513.5,1
210,15612087,Dike,671,France,Male,45,2,106376.85,1,0,1,158264.62,0
211,15752047,Trevisano,689,Germany,Male,33,2,161814.64,2,1,0,169381.9,0
212,15624592,Tan,603,France,Male,31,8,0,2,1,1,169915.02,0
213,15573152,Glassman,620,France,Female,41,9,0,2,0,0,88852.47,0
214,15594917,Miller,676,France,Female,34,1,63095.01,1,1,1,40645.81,0
215,15785542,Kornilova,572,Germany,Male,26,4,118287.01,2,0,0,60427.3,0
216,15723488,Watson,668,Germany,Male,47,7,106854.21,1,0,1,157959.02,1
217,15680920,Marchesi,695,France,Male,46,7,49512.55,1,1,0,133007.34,0
218,15786308,Millar,730,Spain,Female,33,9,0,2,0,0,176576.62,0
219,15659366,Shih,807,France,Male,43,1,105799.32,2,1,0,34888.04,1
220,15774854,Fuller,592,France,Male,54,8,0,1,1,1,28737.71,1
221,15725311,Hay,726,France,Female,31,9,114722.05,2,1,1,98178.57,0
222,15787155,Yang,514,Spain,Male,30,7,0,1,0,1,125010.24,0
223,15727829,McIntyre,567,France,Male,42,2,0,2,1,1,167984.61,0
224,15733247,Stevenson,850,France,Male,33,10,0,1,1,0,4861.72,1
225,15568748,Poole,671,Germany,Male,45,6,99564.22,1,1,1,108872.45,1
226,15699029,Bagley,670,France,Male,37,4,170557.91,2,1,0,198252.88,0
227,15774393,Ch'ien,694,France,Female,30,9,0,2,1,1,26960.31,0
228,15676895,Cattaneo,547,Germany,Female,39,6,74596.15,3,1,1,85746.52,1
229,15637753,O'Sullivan,751,Germany,Male,50,2,96888.39,1,1,0,77206.25,1
230,15605461,Lucas,594,Germany,Female,29,3,130830.22,1,1,0,61048.53,0
231,15808473,Ringrose,673,France,Male,72,1,0,2,0,1,111981.19,0
232,15627000,Freeman,610,France,Male,40,0,0,2,1,0,62232.6,0
233,15787174,Sergeyev,512,France,Female,37,1,0,2,0,1,156105.03,0
234,15723886,Fiore,767,Germany,Male,20,3,119714.25,2,0,1,150135.38,0
235,15704769,Smith,585,France,Female,67,5,113978.97,2,0,1,93146.11,0
236,15772896,Dumetochukwu,763,Germany,Male,42,6,100160.75,1,1,0,33462.94,1
237,15711540,Pacheco,712,France,Female,29,2,0,1,1,1,144375,0
238,15764866,Synnot,539,Germany,Female,43,3,116220.5,3,1,0,55803.96,1
239,15794056,Johnston,668,France,Female,46,2,0,3,1,0,89048.46,1
240,15795149,Stevens,703,France,Male,28,2,81173.83,2,0,1,162812.16,0
241,15812009,Grant,662,Spain,Male,38,4,0,2,1,0,136259.65,0
242,15651001,Tsao,725,Germany,Female,39,5,116803.8,1,1,0,124052.97,0
243,15813844,Barnes,703,France,Male,37,8,105961.68,2,0,1,74158.8,0
244,15596175,McIntosh,659,Germany,Male,67,6,117411.6,1,1,1,45071.09,1
245,15576269,Madison,523,Spain,Male,34,7,0,2,1,0,62030.06,0
246,15797219,Ifesinachi,635,France,Female,40,10,123497.58,1,1,0,131953.23,1
247,15685500,Glazkov,772,Germany,Male,26,7,152400.51,2,1,0,79414,0
248,15599792,Dimauro,545,France,Female,26,1,0,2,1,1,199638.56,0
249,15657566,Wieck,634,Germany,Male,24,8,103097.85,1,1,1,157577.29,0
250,15772423,Liao,739,Germany,Male,54,8,126418.14,1,1,0,134420.75,1
251,15628112,Hughes,771,Germany,Female,36,5,77846.9,1,0,0,99805.99,0
252,15753754,Morrison,587,Spain,Female,34,1,0,2,1,1,97932.68,0
253,15793726,Matveyeva,681,France,Female,79,0,0,2,0,1,170968.99,0
254,15694717,Ku,544,Germany,Male,37,2,79731.91,1,1,1,57558.95,0
255,15665834,Cheatham,696,Spain,Male,28,8,0,1,0,0,176713.47,0
256,15765297,Yao,766,Spain,Male,41,0,0,2,0,1,34283.23,0
257,15636684,Kirkland,727,France,Male,34,10,0,2,1,1,198637.34,0
258,15592979,Rose,671,Germany,Female,34,6,37266.67,2,0,0,156917.12,0
259,15750803,Jess,693,France,Female,30,6,127992.25,1,1,1,50457.2,0
260,15607178,Welch,850,Germany,Male,38,3,54901.01,1,1,1,140075.55,0
261,15713853,Ifeajuna,732,Germany,Male,42,9,108748.08,2,1,1,65323.11,0
262,15673481,Morton,726,Spain,Female,48,6,99906.19,1,1,0,64323.24,0
263,15686776,Rossi,557,France,Female,32,6,184686.41,2,1,0,14956.44,0
264,15673693,Reppert,682,France,Female,26,0,110654.02,1,0,1,111879.21,0
265,15700696,Kang,738,Spain,Male,31,9,79019.8,1,1,1,18606.23,0
266,15813163,Ch'iu,531,Spain,Female,36,9,99240.51,1,1,0,123137.01,0
267,15653857,Wallis,498,France,Male,34,2,0,2,1,1,148528.24,0
268,15777076,Clark,651,France,Male,36,7,0,2,1,0,13898.31,0
269,15717398,Fielding,549,Spain,Female,39,7,0,1,0,0,81259.25,1
270,15799217,Zetticci,791,Germany,Female,35,7,52436.2,1,1,0,161051.75,0
271,15787071,Dulhunty,650,Spain,Male,41,9,0,2,0,1,191599.67,0
272,15619955,Bevington,733,Germany,Male,34,3,100337.96,3,1,0,48559.19,1
273,15796505,Boyle,811,Germany,Female,34,1,149297.19,2,1,1,186339.74,0
274,15725166,Newton,707,France,Male,30,8,0,2,1,0,33159.37,0
275,15800116,Bowman,712,Germany,Male,28,4,145605.44,1,0,1,93883.53,0
276,15758685,Dubinina,706,Spain,Female,37,7,0,2,1,1,110899.3,0
277,15694456,Toscani,756,France,Male,62,3,0,1,1,1,11199.04,1
278,15767339,Chiazagomekpere,777,France,Female,53,10,0,2,1,0,189992.97,0
279,15683562,Allen,646,France,Male,35,6,84026.86,1,0,1,164255.69,0
280,15782210,K'ung,714,France,Male,46,1,0,1,1,0,152167.79,1
281,15668893,Wilsmore,782,France,Male,39,8,0,2,1,1,33949.67,0
282,15669169,Hargreaves,775,Spain,Male,29,10,0,2,1,1,68143.93,0
283,15643024,Huang,479,Germany,Male,35,4,138718.92,1,1,1,47251.79,1
284,15699389,Ch'ien,807,France,Male,42,7,118274.71,1,1,1,25885.72,0
285,15708608,Wallwork,799,France,Female,22,8,174185.98,2,0,1,192633.85,0
286,15626144,Chu,675,France,Male,40,7,113208.86,2,1,0,34577.36,0
287,15573112,Kang,602,Spain,Male,29,5,103907.28,1,1,0,161229.84,0
288,15790678,Davidson,475,France,Female,32,8,119023.28,1,1,0,100816.29,0
289,15727556,O'Donnell,744,Spain,Female,26,5,166297.89,1,1,1,181694.44,0
290,15697307,Nnachetam,588,Spain,Male,34,10,0,2,1,0,79078.91,0
291,15652266,Chidiebele,703,Germany,Male,42,9,63227,1,0,1,137316.32,0
292,15607098,Ahmed,747,Spain,Female,41,5,94521.17,2,1,0,194926.86,0
293,15655774,Booth,583,France,Male,27,7,0,2,1,0,51285.49,0
294,15590241,Chuang,750,Spain,Female,34,9,112822.26,1,0,0,150401.53,1
295,15785819,Shao,681,France,Male,38,3,0,2,1,1,112491.96,0
296,15723654,Tsao,773,France,Male,25,2,135903.33,1,1,0,73656.38,0
297,15774510,Tien,714,France,Female,31,4,125169.26,1,1,1,106636.89,0
298,15684173,Chang,687,Spain,Female,44,7,0,3,1,0,155853.52,1
299,15650068,Johnson,511,France,Male,58,0,149117.31,1,1,1,162599.51,0
300,15811490,French,627,France,Male,33,5,0,2,1,1,103737.82,0
301,15803976,Efremov,694,France,Female,31,10,0,2,1,0,160990.27,0
302,15682541,Hartley,616,Spain,Female,36,6,132311.71,1,0,0,15462.84,0
303,15695699,Calabrese,687,France,Male,35,8,0,2,1,0,10334.05,0
304,15624188,Chiu,712,France,Female,33,6,0,2,1,1,190686.16,0
305,15812191,Brennan,553,France,Male,33,4,118082.89,1,0,0,94440.45,0
306,15636673,Onwuatuegwu,667,France,Male,31,1,119266.69,1,1,1,28257.63,0
307,15594898,Hewitt,731,France,Male,43,2,0,1,1,1,170034.95,1
308,15660211,Shih,629,Germany,Male,35,7,156847.29,2,1,0,31824.29,0
309,15773972,Balashov,614,France,Male,50,4,137104.47,1,1,0,127166.49,1
310,15746726,Doyle,438,Germany,Male,31,8,78398.69,1,1,0,44937.01,0
311,15712287,Pokrovskii,652,France,Female,80,4,0,2,1,1,188603.07,0
312,15702919,Collins,729,Germany,Male,30,6,63669.42,1,1,0,145111.37,0
313,15674398,Russo,642,France,Male,38,3,0,2,0,0,171463.83,0
314,15797960,Skinner,806,Germany,Female,59,0,135296.33,1,1,0,182822.5,0
315,15631868,Robertson,744,Spain,Male,36,2,153804.44,1,1,1,87213.33,0
316,15581539,Atkinson,474,Spain,Male,37,3,0,2,0,0,57175.32,0
317,15662736,Doyle,559,France,Male,49,2,147069.78,1,1,0,120540.83,1
318,15666252,Ritchie,706,Spain,Male,42,9,0,2,1,1,28714.34,0
319,15677512,McEncroe,628,Spain,Female,22,3,0,1,1,0,85426.28,0
320,15626114,Pearson,429,France,Male,24,4,95741.75,1,1,0,46170.75,0
321,15810834,Gordon,525,Spain,Female,57,2,145965.33,1,1,1,64448.36,0
322,15678910,Ts'ai,680,France,Female,30,8,141441.75,1,1,1,16278.97,0
323,15694408,Lung,749,France,Male,40,1,139290.41,1,1,0,182855.42,1
324,15585215,Yuan,763,France,Female,31,4,0,2,0,0,50404.72,0
325,15682757,Pardey,734,France,Male,30,3,0,2,1,0,107640.25,0
326,15736601,Tai,716,France,Male,35,4,144428.87,1,1,0,134132.65,0
327,15601848,Scott,594,France,Male,35,2,0,2,1,0,103480.69,0
328,15736008,Hunter,644,France,Female,46,9,95441.27,1,1,0,108761.05,1
329,15669064,Mazzanti,671,Germany,Male,35,1,144848.74,1,1,1,179012.3,0
330,15624528,L?,664,Germany,Male,26,7,116244.14,2,1,1,95145.14,0
331,15598493,Beach,656,France,Male,50,7,0,2,0,1,72143.44,0
332,15601274,Hsieh,667,Spain,Female,40,1,146502.07,1,1,0,19162.89,0
333,15702669,Faulkner,663,Germany,Male,44,2,117028.6,2,0,1,144680.18,0
334,15728669,Knowles,584,Germany,Female,30,8,112013.81,1,1,0,177772.03,1
335,15742668,Day,626,Spain,Female,37,6,108269.37,1,1,0,5597.94,0
336,15697441,Hsueh,485,France,Male,29,7,182123.79,1,1,0,116828.51,1
337,15740476,Tsao,659,Germany,Female,32,3,150923.74,2,0,1,174652.51,0
338,15648064,Kennedy,649,France,Male,33,2,0,2,1,0,2010.98,0
339,15636624,Nwabugwu,805,Spain,Female,39,5,165272.13,1,1,0,14109.85,1
340,15807923,Young,716,Germany,Female,39,10,115301.31,1,1,0,43527.4,1
341,15745844,Kerr,642,Germany,Female,40,6,129502.49,2,0,1,86099.23,1
342,15786170,Tien,659,France,Male,31,4,118342.26,1,0,0,161574.19,0
343,15681081,Marrero,545,Spain,Female,47,5,0,2,1,1,38970.14,0
344,15684484,White,543,France,Male,22,8,0,2,0,0,127587.22,0
345,15785869,Pisano,718,France,Female,25,7,0,2,1,0,30380.12,0
346,15763859,Brown,840,France,Female,43,7,0,2,1,0,90908.95,0
347,15658935,Freeman,630,Germany,Female,34,9,106937.05,2,1,0,138275.01,0
348,15747358,Russell,643,Germany,Male,59,3,170331.37,1,1,1,32171.79,0
349,15735203,Seleznyov,654,Germany,Female,32,1,114510.85,1,1,1,126143.23,0
350,15576256,Yusupova,582,France,Male,39,5,0,2,1,1,129892.93,0
351,15659420,Foley,659,Spain,Male,32,3,107594.11,2,1,1,102416.84,0
352,15593365,Shih,762,Spain,Male,39,2,81273.13,1,1,1,18719.67,0
353,15777352,Ikedinachukwu,568,Spain,Female,32,7,169399.6,1,1,0,61936.22,0
354,15812007,Power,670,Spain,Male,25,6,0,2,1,1,78358.94,0
355,15625461,Amos,613,France,Female,45,1,187841.99,2,1,1,147224.27,0
356,15739438,Reed,539,France,Male,30,0,0,2,1,0,160979.66,0
357,15611759,Simmons,850,Spain,Female,57,8,126776.3,2,1,1,132298.49,0
358,15661629,Ricci,522,Spain,Male,34,9,126436.29,1,1,0,174248.52,1
359,15633950,Yen,737,France,Male,41,1,101960.74,1,1,1,123547.28,0
360,15592386,Campbell,520,France,Male,58,3,0,2,0,1,32790.02,0
361,15803716,West,706,Spain,Male,28,3,0,2,0,1,181543.67,0
362,15696674,Robinson,643,Germany,Female,45,2,150842.93,1,0,1,2319.96,1
363,15706365,Bianchi,648,France,Female,50,9,102535.57,1,1,1,189543.19,0
364,15745088,Chen,443,Germany,Female,29,9,99027.61,2,1,0,10940.4,0
365,15676715,Madukaego,640,France,Male,68,9,0,2,1,1,199493.38,0
366,15613085,Ibrahimova,628,Spain,Female,33,3,0,1,1,1,188193.25,0
367,15633537,Nolan,540,Germany,Female,42,9,87271.41,2,1,0,172572.64,0
368,15594720,Scott,460,Germany,Female,35,8,102742.91,2,1,1,189339.6,0
369,15684042,Blair,636,Germany,Male,34,2,40105.51,2,0,1,53512.16,0
370,15583303,Monaldo,593,France,Female,29,2,152265.43,1,1,0,34004.44,0
371,15611579,Sutherland,801,Spain,Male,42,4,141947.67,1,1,1,10598.29,0
372,15774696,Cole,640,Germany,Female,75,1,106307.91,2,0,1,113428.77,0
373,15694506,Briggs,611,Germany,Male,31,0,107884.81,2,1,1,183487.98,0
374,15688074,Gregory,802,Germany,Male,31,1,125013.72,1,1,1,187658.09,0
375,15759537,Bianchi,717,Germany,Male,35,7,58469.37,2,1,1,172459.39,0
376,15758449,Angelo,769,France,Female,39,8,0,1,0,1,21016,0
377,15583456,Gardiner,745,Germany,Male,45,10,117231.63,3,1,1,122381.02,1
378,15667871,Kerr,572,Spain,Male,35,4,152390.26,1,1,0,128123.66,0
379,15677371,Ko,629,Spain,Female,30,2,34013.63,1,1,0,19570.63,0
380,15629677,Distefano,687,Spain,Female,39,2,0,3,0,0,188150.6,1
381,15713578,Farrell,483,France,Female,50,9,0,2,1,1,111020.24,0
382,15591509,Milano,690,France,Male,36,7,101583.11,2,1,0,123775.15,0
383,15568240,Ting,492,Germany,Female,30,10,77168.87,2,0,1,146700.22,0
384,15622993,Boyd,709,Germany,Male,28,8,124695.72,2,1,0,145251.35,0
385,15689294,Onyemaechi,705,Germany,Male,44,3,105934.96,1,1,0,82463.69,0
386,15720910,Black,560,France,Female,66,9,0,1,1,1,15928.49,0
387,15721181,Oliver,611,Spain,Male,46,6,0,2,1,0,45886.33,0
388,15776433,Greco,730,Spain,Male,62,2,0,2,1,1,186489.95,0
389,15748936,Whitehead,709,Spain,Female,45,2,0,2,0,1,162922.65,0
390,15717225,Ikemefuna,544,France,Female,21,10,161525.96,2,1,0,9262.77,0
391,15685226,Morrison,712,Germany,Female,29,7,147199.07,1,1,1,84932.4,0
392,15785611,Onyeoruru,752,Germany,Male,38,3,183102.29,1,1,1,71557.12,0
393,15573456,Cunningham,648,Spain,Male,46,9,127209,2,1,0,77405.95,1
394,15684548,Demidov,556,Spain,Male,38,8,0,2,0,0,417.41,1
395,15620505,Celis,594,Spain,Female,24,0,97378.54,1,1,1,71405.17,0
396,15807432,Cheng,645,Germany,Female,37,2,136925.09,2,0,1,153400.24,0
397,15584766,Knight,557,France,Male,33,3,54503.55,1,1,1,371.05,0
398,15612187,Morin,547,Germany,Male,32,8,155726.85,1,1,0,67789.99,0
399,15762218,Mills,701,France,Female,39,9,0,2,0,1,145894.9,0
400,15646372,Outhwaite,616,France,Female,66,1,135842.41,1,1,0,183840.51,1
401,15690452,Tung,605,France,Male,52,1,63349.75,1,1,0,108887.44,0
402,15747795,Pai,593,Germany,Female,38,4,129499.42,1,1,1,154071.27,0
403,15781589,Carpenter,751,Spain,Male,52,8,0,2,0,1,179291.85,0
404,15732674,Fennell,443,Spain,Male,36,6,70438.01,2,0,1,56937.43,0
405,15642291,Fontaine,685,France,Male,23,8,0,2,1,1,112239.03,0
406,15692761,Pratt,718,France,Male,36,9,0,1,1,0,45909.87,0
407,15578045,Mitchell,538,Spain,Female,49,9,141434.04,1,0,0,173779.25,1
408,15745354,Franklin,611,Spain,Female,37,4,0,2,1,0,125696.26,0
409,15701376,K'ung,668,Germany,Male,37,10,152958.29,2,1,1,159585.61,0
410,15691625,Ko,537,Germany,Female,41,3,138306.34,1,1,0,106761.47,0
411,15566594,McKenzie,709,Spain,Male,23,10,0,2,0,0,129590.18,0
412,15760431,Pino,850,France,Male,38,1,0,2,1,1,80006.65,0
413,15686302,Fisk,745,Spain,Female,31,3,124328.84,1,1,1,140451.52,0
414,15801559,Chiang,693,Germany,Female,41,9,181461.48,3,1,1,187929.43,1
415,15810432,Moseley,795,Spain,Male,35,8,0,2,1,0,167155.36,0
416,15809616,Hsiung,626,Spain,Male,26,8,0,2,0,0,191420.71,0
417,15720559,Heath,487,Germany,Female,61,5,110368.03,1,0,0,11384.45,1
418,15695632,Dellucci,556,France,Female,39,9,89588.35,1,1,1,94898.1,0
419,15659843,Li,643,France,Female,46,6,0,2,0,0,106781.59,0
420,15615624,De Salis,605,France,Female,28,6,0,2,0,0,159508.52,0
421,15810418,T'ang,756,Germany,Female,60,3,115924.89,1,1,0,93524.19,1
422,15716186,Richardson,586,France,Female,38,2,0,2,1,0,87168.46,0
423,15674551,Fitch,535,Germany,Male,40,7,111756.5,1,1,0,8128.32,1
424,15622834,Stevenson,678,France,Female,35,4,0,1,1,0,125518.32,0
425,15566111,Estes,596,France,Male,39,9,0,1,1,0,48963.59,0
426,15784597,Lattimore,648,France,Male,26,9,162923.85,1,1,0,98368.24,0
427,15652883,Chung,492,Germany,Male,39,10,124576.65,2,1,0,148584.61,0
428,15806964,Utz,702,France,Male,45,0,80793.58,1,1,1,27474.81,0
429,15576313,Wei,486,Germany,Female,40,9,71340.09,1,1,0,76192.21,0
430,15806467,Boyle,568,Germany,Male,40,1,99282.63,1,0,0,134600.94,1
431,15597602,Nwachinemelu,619,Germany,Male,57,3,137946.39,1,1,1,72467.99,1
432,15743040,Kuznetsova,724,Germany,Male,41,2,127892.57,2,0,1,199645.45,0
433,15705521,Pisani,548,Germany,Female,33,0,101084.36,1,1,0,42749.85,0
434,15595039,Manna,545,Germany,Female,37,8,114754.08,1,1,0,136050.44,1
435,15799384,Collier,683,France,Male,33,8,0,1,0,0,73564.44,0
436,15581197,Ricci,762,France,Female,51,3,99286.98,1,0,1,85578.63,0
437,15693737,Carr,627,Germany,Female,30,4,79871.02,2,1,0,129826.89,0
438,15624623,Hs?,516,France,Male,35,10,104088.59,2,0,0,119666,0
439,15783501,Findlay,800,France,Female,38,2,168190.33,2,1,0,68052.08,0
440,15690134,Hughes,464,Germany,Female,42,3,85679.25,1,1,1,164104.74,0
441,15782735,Chukwuemeka,626,France,Female,35,3,0,1,0,0,80190.36,0
442,15611088,Genovese,790,France,Female,31,9,0,2,1,0,84126.75,0
443,15672145,Swift,534,France,Female,34,7,121551.58,2,1,1,70179,0
444,15732628,Ugoji,745,France,Male,46,2,122220.19,1,1,1,118024.1,0
445,15787470,Parkinson,553,Spain,Male,47,3,116528.15,1,0,0,145704.19,1
446,15803406,Ross,748,France,Female,26,1,77780.29,1,0,1,183049.41,0
447,15730460,Oleary,722,France,Male,37,2,0,1,0,0,120906.83,0
448,15644572,Turnbull,501,France,Male,40,4,125832.2,1,1,1,100433.83,0
449,15694860,Uspensky,675,France,Female,38,6,68065.8,1,0,0,138777,1
450,15658169,Cook,778,Spain,Female,47,6,127299.34,2,1,0,124694.99,0
451,15794396,Newbold,494,Germany,Female,38,7,174937.64,1,1,0,40084.32,0
452,15785798,Uchechukwu,850,France,Male,40,9,0,2,0,1,119232.33,0
453,15710825,Ch'en,592,Spain,Male,31,7,110071.1,1,0,0,43921.36,0
454,15668444,He,590,Spain,Female,44,3,139432.37,1,1,0,62222.81,0
455,15726631,Hilton,758,France,Female,39,6,127357.76,1,0,1,56577,0
456,15733797,Sal,506,France,Male,36,5,0,2,1,0,164253.35,0
457,15747960,Eluemuno,733,France,Male,33,3,0,1,1,1,7666.73,0
458,15634632,Titus,711,France,Male,38,3,0,2,1,0,68487.51,0
459,15707362,Yin,514,Germany,Male,43,1,95556.31,1,0,1,199273.98,1
460,15662976,Lettiere,637,Spain,Male,37,8,0,1,1,1,186062.36,0
461,15732778,Templeman,468,Germany,Male,29,1,111681.98,2,1,1,195711.16,0
462,15718443,Chibuzo,539,France,Male,39,3,0,2,1,0,36692.17,0
463,15670039,Sun,509,Spain,Female,25,3,108738.71,2,1,0,106920.57,0
464,15773792,Evans,662,France,Female,32,4,133950.37,1,1,1,48725.68,1
465,15613786,Ogbonnaya,818,Spain,Male,26,4,0,2,1,1,167036.94,0
466,15726032,Enyinnaya,608,France,Male,33,9,89968.69,1,1,0,68777.26,0
467,15663252,Olisanugo,850,Spain,Female,32,9,0,2,1,1,18924.92,0
468,15593782,Brookes,816,Germany,Female,38,5,130878.75,3,1,0,71905.77,1
469,15633283,Padovano,536,France,Male,35,8,0,2,1,0,64833.28,0
470,15749167,Fisk,753,France,Male,35,3,0,2,1,1,184843.77,0
471,15759298,Shih,631,Spain,Male,27,10,134169.62,1,1,1,176730.02,0
472,15683625,Hare,703,France,Male,37,1,149762.08,1,1,0,20629.4,1
473,15635367,Muir,774,France,Male,26,2,93844.69,1,1,0,28415.36,0
474,15681705,Fanucci,785,France,Male,28,8,0,2,1,0,77231.27,0
475,15603156,Elewechi,571,France,Female,33,1,0,2,1,0,102750.7,0
476,15591986,Johnston,621,Germany,Male,46,6,141078.37,1,0,0,34580.8,1
477,15798888,Pisano,605,Germany,Female,31,1,117992.59,1,1,1,183598.77,0
478,15809722,Ankudinov,611,France,Female,40,8,100812.33,2,1,0,147358.27,0
479,15677538,Nwokike,569,France,Male,38,7,0,1,1,1,108469.2,0
480,15797736,Smith,658,France,Male,29,4,80262.6,1,1,1,20612.82,0
481,15695585,Atkins,788,Spain,Male,34,6,156478.62,1,0,1,181196.76,0
482,15744398,Burns,525,France,Female,23,5,0,2,1,0,160249.1,0
483,15750658,Obiuto,798,France,Male,37,8,0,3,0,0,110783.28,0
484,15578186,Pirozzi,486,Germany,Male,37,9,115217.99,2,1,0,144995.33,0
485,15676519,George,615,Spain,Male,61,9,0,2,1,0,150227.85,1
486,15637954,Lewis,730,France,Female,35,0,155470.55,1,1,1,53718.28,0
487,15758639,Moran,641,France,Male,37,7,0,2,1,0,75248.3,0
488,15613772,Dalrymple,542,France,Male,39,3,135096.77,1,1,1,14353.43,1
489,15731744,Carslaw,692,France,Male,30,2,0,2,0,1,130486.57,0
490,15807709,Kirby,714,Germany,Female,55,9,180075.22,1,1,1,100127.71,0
491,15714689,Houghton,591,Spain,Male,29,1,97541.24,1,1,1,196356.17,0
492,15699005,Martin,710,France,Female,41,2,156067.05,1,1,1,9983.88,0
493,15624170,Tan,639,France,Female,38,4,81550.94,2,0,1,118974.77,0
494,15725679,Hsia,531,France,Female,47,6,0,1,0,0,194998.34,1
495,15585865,Westerberg,673,France,Female,38,2,170061.92,2,0,0,134901.34,1
496,15804256,Hale,765,Germany,Male,36,8,92310.54,2,1,1,72924.56,0
497,15662403,Kryukova,622,France,Female,32,6,169089.38,2,1,0,101057.95,0
498,15733616,Sopuluchukwu,806,France,Male,40,5,80613.93,1,1,1,142838.64,0
499,15591995,Barry,757,Germany,Male,26,8,121581.56,2,1,1,127059.04,0